10,,,,,,,,,,
t7rmy8,Barmadier,Glyn,0366 Evergreen Plaza,Alah Sāy,Lincoln,70577,Afghanistan,gbarmadier0@google.fr,gbarmadier0@biglobe.ne.jp,
5zbe4r,Faux,Lonnie,142 Vahlen Street,‘Eilabun,Kearney,59116,Israel,lfaux1@dmoz.org,,
mcnr46,McCurry,Doe,0 Summer Ridge Park,Prámanta,Austin,38278,Greece,dmccurry2@rambler.ru,dmccurry2@1und1.de,
u32q4x,Troutbeck,Lowell,37 Dennis Alley,Sremčica,Houston,65833,Serbia,ltroutbeck3@sbwire.com,ltroutbeck3@amazon.de,
7fd800,Bennion,Dixie,08021 Dovetail Center,Chaupimarca,Des Moines,47861,Peru,dbennion4@google.com.hk,dbennion4@wunderground.com,
b18ync,Neenan,Annissa,127 Russell Alley,Serra Negra,San Diego,71489,Brazil,aneenan5@barnesandnoble.com,aneenan5@studiopress.com,
b8d4q7,McGing,Letty,53 Sheridan Road,Shencun,Orlando,14993,China,lmcging6@github.com,lmcging6@mit.edu,
cwp4f7,Heaven,Mina,4 Transport Way,Sumberarumkrajan,Talahasse,65572,Indonesia,mheaven7@google.cn,mheaven7@theglobeandmail.com,
erbd4i,Pyson,Durward,63504 Victoria Junction,Vänersborg,Västra Götaland,88715,Sweden,dpyson8@indiatimes.com,dpyson8@howstuffworks.com,
j20xy8,Cullinane,Elizabet,943 Daystar Terrace,Tushi,Nashville,79287,China,ecullinane9@shop-pro.jp,,ecullinane9@nba.com